,pred_close
2014-06-03,1948.8285634887557
2014-06-04,1843.373585232687
2014-06-05,1896.4658878147595
2014-06-06,1916.9537475566121
2014-06-09,1950.8339806991987
2014-06-10,1854.6887348217037
2014-06-11,1912.803856249635
2014-06-12,1901.249533781846
2014-06-13,1928.055746101203
2014-06-16,1889.8238448657758
2014-06-17,2057.7105370279737
2014-06-18,1874.5159348431541
2014-06-19,1920.8391290238642
2014-06-20,1975.9679638155637
2014-06-23,1972.1497885868482
2014-06-24,1941.4972925676948
2014-06-25,1850.1363242890277
2014-06-26,1992.8534485422515
2014-06-27,1983.300720989494
2014-06-30,1988.8766933476616
2014-07-01,1858.2429583889602
2014-07-02,2028.594473757671
2014-07-03,1932.68206607613
2014-07-04,1930.424399355388
2014-07-07,1904.972567352004
2014-07-08,1871.3258201896226
2014-07-09,1831.6391230289757
2014-07-10,1901.5401173467183
2014-07-11,1975.7092049219218
2014-07-14,1901.6949212519173
2014-07-15,1855.541754334003
2014-07-16,1828.1734921401217
2014-07-17,1726.1140924933627
2014-07-18,1740.5216088519107
2014-07-21,1683.9789162509335
2014-07-22,1687.0406738835625
2014-07-23,1746.54320205137
2014-07-24,1705.609046631213
2014-07-25,1668.020607729968
2014-07-28,1677.6319495753269
2014-07-29,1709.8724028996528
2014-07-30,1741.4211014221535
2014-07-31,1724.501465548308
2014-08-01,1684.0986102903503
2014-08-04,1713.7039855210587
2014-08-05,1704.005672065463
2014-08-06,1712.3549817923124
2014-08-07,1722.102155416721
2014-08-08,1671.6117309928854
2014-08-11,1695.189547001254
2014-08-12,1759.4445692328793
2014-08-13,1688.4222632929325
2014-08-14,1721.8906747072974
2014-08-15,1720.9736061459614
2014-08-18,1739.9792631615908
2014-08-19,1714.2785237890923
2014-08-20,1712.988852827961
2014-08-21,1746.9831736900476
2014-08-22,1684.7316337844547
2014-08-25,1736.122357726599
2014-08-26,1713.6926653739406
2014-08-27,1673.1211913536233
2014-08-28,1645.7808303542492
2014-08-29,1732.8636612136086
2014-09-01,1674.4750653802653
2014-09-02,1703.6367509850315
2014-09-03,1621.418913613269
2014-09-04,1585.4928587410939
2014-09-05,1737.2044461860871
2014-09-08,1694.2703995245968
2014-09-09,1603.4986640139314
2014-09-10,1651.8611219257928
2014-09-11,1619.7463456557737
2014-09-12,1684.8540640105039
2014-09-15,1622.293629684188
2014-09-16,1645.547097011592
2014-09-17,1679.7107431171728
2014-09-18,1653.5887952847118
2014-09-19,1615.8763862394774
2014-09-22,1707.388535763562
2014-09-23,1643.4258148829795
2014-09-24,1645.6760782965582
2014-09-25,1636.8059299364704
2014-09-26,1571.9473853151937
2014-09-29,1753.920836897628
2014-09-30,1579.4651132050278
2014-10-01,1698.497587147199
2014-10-02,1684.698766403244
2014-10-03,1705.5993328977136
2014-10-06,1738.1712627319473
2014-10-07,1625.7380841457693
2014-10-08,1756.3035135291987
2014-10-09,1575.8221931062078
2014-10-10,1598.7974022313501
2014-10-13,1659.9045060730327
2014-10-14,1723.84155312691
2014-10-15,1915.1843785255742
2014-10-16,1936.2024528842703
2014-10-17,1919.141367252465
2014-10-20,1849.289284411186
2014-10-21,1971.1431859949435
2014-10-22,2004.0921357902528
2014-10-23,1926.241321881536
2014-10-24,1976.956092478434
2014-10-27,1844.8863411476914
2014-10-28,1901.0189177527407
2014-10-29,1820.8229445873706
2014-10-30,1958.2292654940074
2014-10-31,1945.9572831535977
2014-11-03,1919.2381648257538
2014-11-04,1851.3853527448366
2014-11-05,1974.1203047706383
2014-11-06,1991.6214731481068
2014-11-07,1917.793317400572
2014-11-10,1764.8804604464524
2014-11-11,1813.2023955479353
2014-11-12,2062.6791576512246
2014-11-13,1748.5809196588643
2014-11-14,1923.8689348294242
2014-11-17,1951.343361745534
2014-11-18,1994.6383038348172
2014-11-19,1978.701094927323
2014-11-20,1941.9541679184
2014-11-21,2027.5209482451733
2014-11-24,1777.6731280402125
2014-11-25,1899.6350891762913
2014-11-26,2070.9254227732144
2014-11-27,1996.572450931626
2014-11-28,1953.2169335331953
2014-12-01,1893.3254630389117
2014-12-02,1921.1837123273183
2014-12-03,1878.154280989785
2014-12-04,2001.8368746872777
2014-12-05,1957.8567968608145
2014-12-08,1938.9863910309443
2014-12-09,1975.7048143460756
2014-12-10,1885.034187174489
2014-12-11,1897.6321239916435
2014-12-12,1955.6577555376791
2014-12-15,1938.5539013196626
2014-12-16,1961.3400849857605
2014-12-17,1980.335511313089
2014-12-18,1915.8419887409523
2014-12-19,1999.1883850759464
2014-12-22,1946.5983836088112
2014-12-23,1994.1616090244308
2014-12-24,1854.8544454978748
2014-12-25,1902.7455654511418
2014-12-26,2010.4409053539848
2014-12-29,1877.2148321522682
2014-12-30,1948.5639059989423
2014-12-31,1973.2428809316928
2015-01-01,1989.5602923276922
2015-01-02,1948.9645890324432
2015-01-05,1888.1821682210916
2015-01-06,2013.8296895088154
2015-01-07,1857.795034848238
2015-01-08,1910.9595250067955
2015-01-09,2019.9048416302155
2015-01-12,1930.2180756034888
2015-01-13,1872.8843975710777
2015-01-14,1853.1002820276522
2015-01-15,1846.772893614091
2015-01-16,1825.8737292957985
2015-01-19,1901.5360162254442
2015-01-20,1874.141876111724
2015-01-21,1850.2065282901906
2015-01-22,1869.5576982678788
2015-01-23,1833.7148128611993
2015-01-26,1853.4391096102727
2015-01-27,1867.8152995463415
2015-01-28,1855.7414903944543
2015-01-29,1873.1546130385984
2015-01-30,1876.5702105389573
2015-02-02,1850.684895213163
2015-02-03,1893.0847215288472
2015-02-04,1858.3009756228028
2015-02-05,1878.6273085494327
2015-02-06,1832.3137725942279
2015-02-09,1833.6804352594804
2015-02-10,1903.1549768595148
2015-02-11,1828.9081418277299
2015-02-12,1875.2617658994534
2015-02-13,1878.383907193195
2015-02-16,1887.645628218866
2015-02-17,1880.4506807354762
2015-02-18,1836.4839393638774
2015-02-19,1906.1733501072852
2015-02-20,1822.5776360525872
2015-02-23,1837.487093005586
2015-02-24,1884.5003956748799
2015-02-25,1870.6147229599912
2015-02-26,1742.3690727712813
2015-02-27,1662.8448079804027
2015-03-02,1637.9147172212972
2015-03-03,1585.4985256371351
2015-03-04,1843.2925837925336
2015-03-05,1702.6521025210031
2015-03-06,1641.5581862554209
2015-03-09,1716.3177657810722
2015-03-10,1639.3528171990401
2015-03-11,1675.7887662041478
2015-03-12,1764.538138207027
2015-03-13,1662.4309975759227
2015-03-16,1741.996797280215
2015-03-17,1765.87481594053
2015-03-18,1668.1819470058906
2015-03-19,1808.1582317455545
2015-03-20,1644.6972512628122
2015-03-23,1784.448034136995
2015-03-24,1664.1312375941186
2015-03-25,1640.1463082457822
2015-03-26,1805.5642503734125
2015-03-27,1655.50328889232
2015-03-30,1753.6714478311396
2015-03-31,1762.4807409610407
2015-04-01,1775.7173870427418
2015-04-02,1754.1203559592516
2015-04-03,1566.459538221534
2015-04-06,1841.405212619558
2015-04-07,1591.6646227747735
2015-04-08,1616.1572552450243
2015-04-09,1722.3666765380253
2015-04-10,1693.0074621005529
2015-04-13,2272.7534010051854
2015-04-14,2177.6090996193407
2015-04-15,2313.0234113386564
2015-04-16,2305.6609199755017
2015-04-17,2241.6837870719482
2015-04-20,2271.5665368807377
2015-04-21,2358.3259465685105
2015-04-22,2330.0135282139827
2015-04-23,2256.2536966000866
2015-04-24,2201.258163079785
2015-04-27,2324.734446798794
2015-04-28,2302.647596365063
2015-04-29,2274.1769885780272
2015-04-30,2322.103549864468
2015-05-01,2308.5188094150894
2015-05-04,2279.4316098931695
2015-05-05,2326.006588372781
2015-05-06,2340.9130863034766
2015-05-07,2190.9542964931047
2015-05-08,2336.056498948725
2015-05-11,2248.0880902088966
2015-05-12,2285.9788632084674
2015-05-13,2235.608877796972
2015-05-14,2278.9987887527354
2015-05-15,2277.6653232253025
2015-05-18,2192.6817123775268
2015-05-19,2290.1009680384127
2015-05-20,2237.1200386038945
2015-05-21,2290.268901773899
2015-05-22,2326.3154371265086
2015-05-25,2385.969171623376
2015-05-26,2204.077635441751
2015-05-27,1878.0728348367193
2015-05-28,1875.4803173504215
2015-05-29,1869.5341086621115
2015-06-01,1885.2052661589075
2015-06-02,1864.9052022028761
2015-06-03,1858.807854336137
2015-06-04,1867.1624883963136
2015-06-05,1849.8081178147106
2015-06-08,1881.9678926214972
2015-06-09,1883.931985300552
2015-06-10,1895.6926426703005
2015-06-11,1858.9129490656076
2015-06-12,1864.4329573098325
2015-06-15,1867.644963507435
2015-06-16,1894.6756203979803
2015-06-17,1859.6316867991031
2015-06-18,1855.0195201073027
2015-06-19,1861.7417531310298
2015-06-22,1910.4011435960567
2015-06-23,1888.5317031533812
2015-06-24,1843.4752383357354
2015-06-25,1906.0598332984598
2015-06-26,1877.0054785341028
2015-06-29,1862.2613714045583
2015-06-30,1854.8744625863385
2015-07-01,1866.1255285959478
2015-07-02,1874.6829923406972
2015-07-03,1849.6403118513576
2015-07-06,1910.100824103995
2015-07-07,1868.8381224555683
2015-07-08,1828.5638765703923
2015-07-09,1866.2048662445445
2015-07-10,2019.5483647793571
2015-07-13,1930.687858982984
2015-07-14,1986.4099338253059
2015-07-15,1933.2072457122006
2015-07-16,2075.488878883315
2015-07-17,2022.5046982162976
2015-07-20,2014.6508964509426
2015-07-21,2057.659044472937
2015-07-22,1936.9643026868762
2015-07-23,1939.9707361187102
2015-07-24,2032.9834635619422
2015-07-27,2006.4210119942175
2015-07-28,2031.072291710642
2015-07-29,2062.7076272251493
2015-07-30,1978.1182559042804
2015-07-31,2078.2199177300827
2015-08-03,2017.525559705166
2015-08-04,2084.4080946517647
2015-08-05,1889.804613130663
2015-08-06,1970.5207773711022
2015-08-07,2084.7979933491906
2015-08-10,1932.910592269823
2015-08-11,2008.4468107082805
2015-08-12,2046.8253583275675
2015-08-13,2065.3113768205817
2015-08-14,2001.5035313328315
2015-08-17,1938.2057076268763
2015-08-18,2089.188080406483
2015-08-19,1905.0287853407126
2015-08-20,1977.2558625699223
2015-08-21,2117.8786656927937
2015-08-24,1977.5996346115094
2015-08-25,1873.3184372167095
2015-08-26,1775.227830157614
2015-08-27,1794.4258094206357
2015-08-28,1746.4736595882516
2015-08-31,1952.7362208339746
2015-09-01,1837.6941576587685
2015-09-02,1810.9873500945007
2015-09-03,1868.9894377405587
2015-09-04,1779.8809664734767
2015-09-07,1793.570817112356
2015-09-08,1908.8330237908735
2015-09-09,1813.035459850689
2015-09-10,1874.2276876040949
2015-09-11,1909.7186512237324
2015-09-14,1818.5540263569167
2015-09-15,1933.5672599389738
2015-09-16,1803.7012665341765
2015-09-17,1932.40230662478
2015-09-18,1781.3357378230894
2015-09-21,1804.1526013165144
2015-09-22,1921.2906200256632
2015-09-23,1802.765055497942
2015-09-24,1872.2058881600717
2015-09-25,1893.743950123629
2015-09-28,1904.5108949826565
2015-09-29,1859.635200782626
2015-09-30,1723.468358769503
2015-10-01,1949.9075750825846
2015-10-02,1746.410410077176
2015-10-05,1779.9766342587925
2015-10-06,1890.4053266236692
2015-10-07,1808.6841178219747
2015-10-08,1856.6163780957982
2015-10-09,1884.54876453426
2015-10-12,1860.9889785838873
2015-10-13,1875.464418005966
2015-10-14,1838.799836268669
2015-10-15,1859.263418505339
2015-10-16,1853.0008923855287
2015-10-19,1833.7716633174737
2015-10-20,1868.0252619321213
2015-10-21,1881.8284379586348
2015-10-22,1847.4238173967462
2015-10-23,1853.6041000162554
2015-10-26,1847.1064335034428
2015-10-27,1834.957929295485
2015-10-28,1871.4052787088551
2015-10-29,1834.6678113589212
2015-10-30,1855.6649558282154
2015-11-02,1822.2641907602106
2015-11-03,1888.8692773682185
2015-11-04,1858.526843692389
2015-11-05,1838.1596278876893
2015-11-06,1869.745565141934
2015-11-09,1860.030804072725
2015-11-10,1841.4244239202135
2015-11-11,1839.2623832894574
2015-11-12,1863.9842599549188
2015-11-13,1886.864871488066
2015-11-16,1833.4360258450404
2015-11-17,1890.5992336653796
2015-11-18,1858.5687947856848
2015-11-19,1819.4204608574123
2015-11-20,1876.8236548833654
2015-11-23,1869.864111516037
2015-11-24,1956.51289082933
2015-11-25,1909.887397512991
2015-11-26,1892.3116801488504
2015-11-27,1862.4221625570954
2015-11-30,1953.0963372156127
2015-12-01,1898.9503433059285
2015-12-02,1896.1700769096165
2015-12-03,1870.735476603665
2015-12-04,1919.1245557017103
2015-12-07,1774.937017759255
2015-12-08,1924.7797824035467
2015-12-09,1884.4570866015365
2015-12-10,1836.850401444864
2015-12-11,1857.7757004187706
2015-12-14,1868.1090861199386
2015-12-15,1953.7759893657073
2015-12-16,1814.630930862032
2015-12-17,1831.2902656904107
2015-12-18,1824.9823331099071
2015-12-21,1942.7200146745608
2015-12-22,1789.7817906766745
2015-12-23,1881.3215948538714
2015-12-24,1874.8504629538338
2015-12-25,1899.9612361644877
2015-12-28,1932.4078191729536
2015-12-29,1980.1106306345719
2015-12-30,1900.947971633232
2015-12-31,1852.616802701233
2016-01-01,1899.6303394585398
2016-01-04,1940.9536220446719
2016-01-05,1977.991691931325
2016-01-06,1877.8297262878768
2016-01-07,2073.702339062913
2016-01-08,1996.651797159421
2016-01-11,2035.7444645694816
2016-01-12,1779.6855380785476
2016-01-13,1995.7608124700075
2016-01-14,1966.042752991346
2016-01-15,1891.2533619845797
2016-01-18,1974.118826605434
2016-01-19,2018.5297497017095
2016-01-20,1745.5194421213855
2016-01-21,1987.2140561859812
2016-01-22,1883.2673550476507
2016-01-25,1795.2131406359697
2016-01-26,1931.3836469561265
2016-01-27,1801.5807506966146
2016-01-28,2027.7909109363231
2016-01-29,1742.1198928398007
2016-02-01,1948.0873157036547
2016-02-02,1902.394501117801
2016-02-03,1888.3917686824952
2016-02-04,1875.6585169808438
2016-02-05,1891.1369926792056
2016-02-08,1850.9801516012913
2016-02-09,1864.0266304208203
2016-02-10,1954.5812180664234
2016-02-11,2153.387696696495
2016-02-12,1815.658341215866
2016-02-15,2008.6954344940063
2016-02-16,1998.4477726358089
2016-02-17,1906.5947007683753
2016-02-18,2058.868859510894
2016-02-19,1960.4120082634222
2016-02-22,1953.3800232066912
2016-02-23,1979.9771930961074
2016-02-24,2049.447119482015
2016-02-25,1881.9331792068751
2016-02-26,1900.3353227774517
2016-02-29,1979.1878293803386
2016-03-01,1904.076379459506
2016-03-02,2023.9240096369474
2016-03-03,1982.867807155707
2016-03-04,2033.182140692154
2016-03-07,1937.2176002097694
2016-03-08,1925.3311677363051
2016-03-09,1943.6056439686397
2016-03-10,2041.3198820078012
2016-03-11,1887.8188078542946
2016-03-14,1924.4231341137934
2016-03-15,1932.9199092300566
2016-03-16,2087.898877586407
2016-03-17,2061.0284975501545
2016-03-18,1817.9212855750047
2016-03-21,2105.8565075593247
2016-03-22,1945.8458184589317
2016-03-23,1914.6636488727795
2016-03-24,1879.559639405245
2016-03-25,1896.919645743377
2016-03-28,1993.4860838003483
2016-03-29,1832.1165742596781
2016-03-30,2116.9953073068486
2016-03-31,1995.7778373785982
2016-04-01,1835.1686742843083
2016-04-04,1907.329520882313
2016-04-05,1857.944745088801
2016-04-06,1889.325675401614
2016-04-07,1855.0213843104245
2016-04-08,1802.8309531583961
2016-04-11,1903.5525582997313
2016-04-12,1927.9451115447364
2016-04-13,1854.0282186341785
2016-04-14,1894.003808051138
2016-04-15,1803.8874512278196
2016-04-18,1858.7643294484121
2016-04-19,1776.2049763816262
2016-04-20,1885.7192269614854
2016-04-21,1879.5203110835887
2016-04-22,1850.9700982141467
2016-04-25,1805.656214054621
2016-04-26,1899.9086813718538
2016-04-27,1909.8448897478286
2016-04-28,1845.0151170367035
2016-04-29,1753.6006830303484
2016-05-02,1768.2441902485884
2016-05-03,1974.0286986109243
2016-05-04,1725.6612033107867
2016-05-05,1869.8199586920562
2016-05-06,1882.3683331561808
2016-05-09,1916.590251710054
2016-05-10,1918.6166931805146
2016-05-11,1880.3058840247163
2016-05-12,1947.0963864960383
2016-05-13,1752.0510356903876
2016-05-16,1836.9062696311894
2016-05-17,1959.0340212540113
2016-05-18,1933.280921574696
2016-05-19,1962.0807889053306
2016-05-20,1928.304730218951
2016-05-23,1946.6768641624176
2016-05-24,1889.0153601703457
2016-05-25,2015.1589334975915
2016-05-26,2003.4561372291907
2016-05-27,1963.4591764734923
2016-05-30,2007.4662536605729
2016-05-31,1889.0962573611937
2016-06-01,1916.9694054270471
2016-06-02,1925.8242159776303
2016-06-03,1974.1234057292816
2016-06-06,1981.235293087055
2016-06-07,1984.413019176924
2016-06-08,1912.7368167670518
2016-06-09,2017.2963364052123
2016-06-10,1994.5993792677943
2016-06-13,1994.054862591397
2016-06-14,1830.9072191787923
2016-06-15,1890.8531239796455
2016-06-16,2060.720530967061
2016-06-17,1843.7872461973118
2016-06-20,1960.8192460155294
2016-06-21,1991.3780763452223
2016-06-22,2020.0962041780194
2016-06-23,1982.3883380216107
2016-06-24,1933.706415992617
2016-06-27,2047.1371182857756
2016-06-28,1843.507667849964
2016-06-29,1933.0139294861824
2016-06-30,2079.0115970779434
2016-07-01,1978.6560785737574
2016-07-04,2023.7752972247447
2016-07-05,1886.862940394602
2016-07-06,1974.380715368836
2016-07-07,2006.5962626122255
2016-07-08,2011.100952463137
2016-07-11,1906.347816836014
2016-07-12,1999.7951864627291
2016-07-13,1974.213328287908
2016-07-14,2010.4359652165017
2016-07-15,1947.7125369727787
2016-07-18,2168.1489962241385
2016-07-19,1942.3224449433335
2016-07-20,1989.1934456958895
2016-07-21,2063.1199582217346
2016-07-22,2066.1029540649447
2016-07-25,2008.0763657848179
2016-07-26,1914.4132503448668
2016-07-27,2086.001066937128
2016-07-28,2070.163948217949
2016-07-29,2097.230871282206
2016-08-01,1896.545913342346
2016-08-02,2141.166616793763
2016-08-03,1997.5745749585199
2016-08-04,1999.8113976370541
2016-08-05,1964.5582948917715
2016-08-08,1913.410510432712
2016-08-09,1894.5098241091353
2016-08-10,1947.577182933879
2016-08-11,2078.484915609767
2016-08-12,1986.269519201601
2016-08-15,1919.8469091272057
2016-08-16,1865.1650361306079
2016-08-17,1794.7094365596436
2016-08-18,1647.2920218652298
2016-08-19,1661.7995336609704
2016-08-22,1605.082286457449
2016-08-23,1911.9216167956472
2016-08-24,1713.7970496828955
2016-08-25,1679.088482412235
2016-08-26,1763.713556161159
2016-08-29,1668.4158846598555
2016-08-30,1682.2005467275264
2016-08-31,1868.9955472024699
2016-09-01,1682.9986475936328
2016-09-02,1788.5520115822194
2016-09-05,1845.1120220284758
2016-09-06,1718.0813336547415
2016-09-07,1874.8825624626754
2016-09-08,1654.7324778854636
2016-09-09,1879.5883086956446
2016-09-12,1701.5815520565664
2016-09-13,1702.8307899471615
2016-09-14,1835.9626881313802
2016-09-15,1725.8239997189532
2016-09-16,1796.5451137399689
2016-09-19,1817.6846677045917
2016-09-20,1823.142254077496
2016-09-21,1768.461720113129
2016-09-22,1544.3995525825865
2016-09-23,1893.2898854933808
2016-09-26,1625.6120120868131
2016-09-27,1642.448117553892
2016-09-28,1763.5121071386388
2016-09-29,1679.6499895973197
2016-09-30,1781.362803511871
2016-10-03,1809.8759240328332
2016-10-04,1759.3718984838597
2016-10-05,1734.8187452815632
2016-10-06,1814.4805019640016
2016-10-07,1808.722777799478
2016-10-10,1749.2721256618804
2016-10-11,1774.3403904188308
2016-10-12,1747.2352725953256
2016-10-13,1793.2448827844669
2016-10-14,1735.3825576270617
2016-10-17,1775.3485612070215
2016-10-18,1786.286376584673
2016-10-19,1764.3035031625186
2016-10-20,1747.4109337999273
2016-10-21,1799.7001552181173
2016-10-24,1781.4391004037884
2016-10-25,1755.6190797601414
2016-10-26,1747.5351766522726
2016-10-27,1715.1159477708343
2016-10-28,1839.6865542681335
2016-10-31,1710.4607731656358
2016-11-01,1795.5549210579288
2016-11-02,1787.4681012448045
2016-11-03,1804.6172534033356
2016-11-04,1826.1249239430754
2016-11-07,1775.481569659065
2016-11-08,1832.2576632560133
2016-11-09,1722.0805562245873
2016-11-10,1744.3160983537832
2016-11-11,1790.564729739727
2016-11-14,1827.7262311986087
2016-11-15,1911.7916492688
2016-11-16,1969.3001904645141
2016-11-17,1950.856048381014
2016-11-18,1971.005483276605
2016-11-21,1869.4951368713275
2016-11-22,1942.6235720660923
2016-11-23,1943.0619333441434
2016-11-24,1906.501648900432
2016-11-25,1944.0298637677943
2016-11-28,1956.6171364009347
2016-11-29,1879.320168938261
2016-11-30,1941.5570310718383
2016-12-01,1906.702739109611
2016-12-02,1882.1123385174708
2016-12-05,1941.1050424938437
2016-12-06,1877.2146904710196
2016-12-07,1955.7377911717506
2016-12-08,1862.3280090358305
2016-12-09,1944.1247588233523
2016-12-12,1929.4454043710102
2016-12-13,1896.6686452433423
2016-12-14,1924.770364904522
2016-12-15,1912.7571855748174
2016-12-16,1895.0209858517042
2016-12-19,1896.002917931055
2016-12-20,1925.6330708479006
2016-12-21,2005.4807587448238
2016-12-22,1873.836443248829
2016-12-23,1973.1211443632642
2016-12-26,1951.840717061018
2016-12-27,1906.2548191057183
2016-12-28,1962.396503035852
2016-12-29,1682.96028404947
2016-12-30,1671.405386175613
2017-01-02,1609.3853117551866
2017-01-03,1590.7764948174406
2017-01-04,1740.1587139638712
2017-01-05,1654.7630629394039
2017-01-06,1595.5354276870642
2017-01-09,1634.7305791249873
2017-01-10,1632.1814696464685
2017-01-11,1674.2766440902117
2017-01-12,1684.0907556480877
2017-01-13,1620.5800975538195
2017-01-16,1674.5528820874324
2017-01-17,1672.1502025791892
2017-01-18,1640.210737884269
2017-01-19,1706.0169821199638
2017-01-20,1603.3063002741906
2017-01-23,1671.4559955317004
2017-01-24,1681.1675095614012
2017-01-25,1609.5458468827676
2017-01-26,1709.1790197363532
2017-01-27,1641.8655613859253
2017-01-30,1700.6310787441753
2017-01-31,1682.5378522657754
2017-02-01,1687.5673880571549
2017-02-02,1710.5739182914335
2017-02-03,1584.6414186989061
2017-02-06,1733.492124678306
2017-02-07,1612.0175957343345
2017-02-08,1591.8483596662732
2017-02-09,1611.0972799593806
2017-02-10,1676.2088204819643
2017-02-13,1886.2046241432665
2017-02-14,1788.614146763103
2017-02-15,1827.5777951465493
2017-02-16,1890.6935802656562
2017-02-17,1855.3436034599388
2017-02-20,1746.0901164440806
2017-02-21,1832.9481106167125
2017-02-22,1789.3062006624382
2017-02-23,1905.3389198278082
2017-02-24,1850.6761943724769
2017-02-27,2036.2214027410093
2017-02-28,1782.9631148520816
2017-03-01,1836.967004698325
2017-03-02,1896.9337908157804
2017-03-03,1945.473441103007
2017-03-06,1838.3479140715156
2017-03-07,1740.1911377993615
2017-03-08,1907.0397829817427
2017-03-09,2018.7405837239787
2017-03-10,1972.009948996181
2017-03-13,1713.1795045986426
2017-03-14,2055.2713665161946
2017-03-15,1870.3576753840516
2017-03-16,1841.0912518263608
2017-03-17,1792.6274381391834
2017-03-20,1785.6928670775294
2017-03-21,1763.993996938667
2017-03-22,1774.1652282357693
2017-03-23,1996.0779972118692
2017-03-24,1839.8710771736469
2017-03-27,1683.5497068844127
2017-03-28,1737.2740311945695
2017-03-29,1800.6960524552615
2017-03-30,1783.5235974587163
2017-03-31,1756.681865718313
2017-04-03,1739.7771686055005
2017-04-04,1837.3263416231684
2017-04-05,1787.3274541857925
2017-04-06,1753.2694687815263
2017-04-07,1777.446173939267
2017-04-10,1760.0639189136225
2017-04-11,1786.258416040443
2017-04-12,1801.690744249021
2017-04-13,1764.6852529594962
2017-04-14,1796.1609893259606
2017-04-17,1798.3067630687278
2017-04-18,1773.812842746802
2017-04-19,1819.047777764744
2017-04-20,1758.5866270606662
2017-04-21,1799.082151387189
2017-04-24,1781.2718643281753
2017-04-25,1752.8260403530667
2017-04-26,1822.9590094911698
2017-04-27,1764.7728592025678
2017-04-28,1808.4541309857595
2017-05-01,1802.084755099665
2017-05-02,1807.975385704024
2017-05-03,1813.187836690718
2017-05-04,1740.6644803982274
2017-05-05,1835.2579920374421
2017-05-08,1749.0211434782482
2017-05-09,1745.0035623040817
2017-05-10,1773.904951741671
2017-05-11,1793.766399764907
2017-05-12,1792.5439387535764
2017-05-15,1761.4201873103225
2017-05-16,1736.2165799457728
2017-05-17,1710.3132310867616
2017-05-18,1843.7221444279705
2017-05-19,1775.1696646434611
2017-05-22,1734.9105595828419
2017-05-23,1770.7489831066714
2017-05-24,1737.3308929830428
2017-05-25,1765.9003095765418
2017-05-26,1796.8948679325338
2017-05-29,1748.4370939101589
2017-05-30,1789.6507678780474
2017-05-31,1796.4863123554694
2017-06-01,1754.6148017117184
2017-06-02,1822.361175805445
2017-06-05,1740.6154099759833
2017-06-06,1801.3792371059037
2017-06-07,1756.9191220055943
2017-06-08,1732.0106774245812
2017-06-09,1826.1498391463285
2017-06-12,1742.9148727632444
2017-06-13,1800.8422701633106
2017-06-14,1798.8670749660546
2017-06-15,1807.0792424136691
2017-06-16,1805.2359680990871
2017-06-19,1708.2786798297514
2017-06-20,1842.7687466861341
2017-06-21,1717.1951909362444
2017-06-22,1722.2585483287935
2017-06-23,1771.5798121401394
2017-06-26,1777.2273089800367
2017-06-27,1856.599061374034
2017-06-28,1933.2412007710348
2017-06-29,1892.2143138781232
2017-06-30,1912.25074563437
2017-07-03,1818.1010791519875
2017-07-04,1893.1068621704394
2017-07-05,1877.3200143390584
2017-07-06,1844.1578219766486
2017-07-07,1890.500437306173
2017-07-10,1914.8297823186674
2017-07-11,1810.4111486349086
2017-07-12,1885.2256356294326
2017-07-13,1851.859083291398
2017-07-14,1817.2699781067552
2017-07-17,1880.2725174234681
2017-07-18,1820.6426374698556
2017-07-19,1898.2647501703514
2017-07-20,1793.0155308814221
2017-07-21,1897.7705164289205
2017-07-24,1861.7223699702351
2017-07-25,1849.6003316427418
2017-07-26,1861.9213678623926
2017-07-27,1863.5614031672562
2017-07-28,1838.8101728419788
2017-07-31,1841.764699974294
2017-08-01,1885.8775823114281
2017-08-02,1955.2897765214213
2017-08-03,1825.4493542927714
2017-08-04,1914.4498673290284
2017-08-07,1890.3635274982432
2017-08-08,1839.0137599197287
2017-08-09,1924.2989686752057
2017-08-10,2167.4916500429417
2017-08-11,2014.1954433816525
2017-08-14,2141.631928888328
2017-08-15,2131.1383204926165
2017-08-16,2176.1949451121386
2017-08-17,2103.718234828449
2017-08-18,2185.941816659218
2017-08-21,2184.0853766010528
2017-08-22,2118.361126050548
2017-08-23,2060.549027371206
2017-08-24,2273.4147310620333
2017-08-25,2130.4135788493018
2017-08-28,2156.700999962535
2017-08-29,2230.904574924614
2017-08-30,2183.2186917494496
2017-08-31,2191.116175510184
2017-09-01,2127.7738326871654
2017-09-04,2262.762593182618
2017-09-05,2101.342328691233
2017-09-06,2211.4827270456944
2017-09-07,2120.32698830244
2017-09-08,2198.3253830001204
2017-09-11,2133.9150238374896
2017-09-12,2172.161669692677
2017-09-13,2160.413757367648
2017-09-14,2068.1889896946086
2017-09-15,2062.9406927450977
2017-09-18,2147.0265299766124
2017-09-19,2148.6700417626107
2017-09-20,2150.2667317832397
2017-09-21,2203.574275869559
2017-09-22,2033.0581949963641
2017-09-25,1768.1830453473522
2017-09-26,1680.024546343069
2017-09-27,1670.5856979904518
2017-09-28,1652.485211629561
2017-09-29,1833.9583042604593
2017-10-02,1692.9979316256588
2017-10-03,1673.7426903707026
2017-10-04,1716.0179126212558
2017-10-05,1698.820560003035
2017-10-06,1709.1726713336589
2017-10-09,1832.1798809939326
2017-10-10,1674.5905737914402
2017-10-11,1752.0165188145443
2017-10-12,1787.994813039344
2017-10-13,1731.3319301290912
2017-10-16,1801.3767059969236
2017-10-17,1646.6726073282987
2017-10-18,1804.7291802545783
2017-10-19,1755.7865205600406
2017-10-20,1718.8464228128819
2017-10-23,1759.4092625722335
2017-10-24,1758.7791446679923
2017-10-25,1772.4603342084965
2017-10-26,1768.4574538644224
2017-10-27,1762.4348481698783
2017-10-30,1746.379256216557
2017-10-31,1597.1387760795749
2017-11-01,1806.288397563191
2017-11-02,1691.6130423152406
2017-11-03,1658.2202478020847
2017-11-06,1684.3713064487818
2017-11-07,1684.7523324691422
2017-11-08,2036.862813683677
2017-11-09,2017.932295449939
2017-11-10,2048.127543703109
2017-11-13,1967.0411254735436
2017-11-14,2094.8981285324107
2017-11-15,2126.1390527953868
2017-11-16,2071.8544982966196
2017-11-17,2125.003665262212
2017-11-20,1952.170792001642
2017-11-21,1989.9847592895749
2017-11-22,1958.8172901360479
2017-11-23,2088.8050687014475
2017-11-24,2072.4566233682954
2017-11-27,2064.1559867790734
2017-11-28,1974.0247921477337
2017-11-29,2109.566747216645
2017-11-30,2128.9179088310366
2017-12-01,2073.3579715240667
2017-12-04,1843.503666945371
2017-12-05,1946.5323651023434
2017-12-06,2190.3768183136217
2017-12-07,1861.4252908193746
2017-12-08,2033.9446157937607
2017-12-11,2082.108489404169
2017-12-12,2127.589339354049
2017-12-13,2076.4317299795766
2017-12-14,2053.425568417569
2017-12-15,2153.6178744568024
2017-12-18,1883.301072776617
2017-12-19,2032.1334996386367
2017-12-20,2243.9258784338376
2017-12-21,2091.7881782815166
2017-12-22,1779.9145847776035
2017-12-25,1736.6886670976578
2017-12-26,1724.0862793272984
2017-12-27,1776.7899954194816
2017-12-28,1760.7721903315876
2017-12-29,1674.6774956845497
2018-01-01,1714.640505818912
2018-01-02,1683.5064486554843
2018-01-03,1798.1256562309347
2018-01-04,1777.2212610838576
2018-01-05,1877.5097313996882
2018-01-08,1690.9869311817622
2018-01-09,1738.6445859662447
2018-01-10,1768.5892264011031
2018-01-11,1819.1760974727806
2018-01-12,1736.1742450550953
2018-01-15,1653.8089949060457
2018-01-16,1767.302611980981
2018-01-17,1907.7675757636177
2018-01-18,1825.9985846591608
2018-01-19,1650.9694002332649
2018-01-22,1905.0889344770596
2018-01-23,1778.403492002202
2018-01-24,1739.1378238573586
2018-01-25,1702.8577257180243
2018-01-26,1726.4435949113702
2018-01-29,1689.5424325886884
2018-01-30,1698.6705241077846
2018-01-31,1865.89514677805
2018-02-01,1728.2517147358524
2018-02-02,1585.898511345249
2018-02-05,1690.3841601920922
2018-02-06,1765.5612044978652
2018-02-07,1720.4291987736422
2018-02-08,1685.7111338292539
2018-02-09,1610.5882794805257
2018-02-12,1873.6708692267903
2018-02-13,1779.5940129042801
2018-02-14,1689.357210465857
2018-02-15,1775.3889415677816
2018-02-16,1653.794821936993
2018-02-19,1711.1235341884858
2018-02-20,1732.518364083473
2018-02-21,1725.271393948442
2018-02-22,1781.8270078089317
2018-02-23,1784.2551453693063
2018-02-26,1673.5532632853644
2018-02-27,1846.457156844269
2018-02-28,1726.282162466812
2018-03-01,1797.7442838057766
2018-03-02,1634.9987959735774
2018-03-05,1633.50374068059
2018-03-06,1890.351234373437
2018-03-07,1615.4981511307403
2018-03-08,1780.85468854502
2018-03-09,1800.2048627512906
2018-03-12,1831.8823268424942
2018-03-13,1811.2603395562562
2018-03-14,1641.7248132370585
2018-03-15,1901.3164043361987
2018-03-16,1578.771518970222
2018-03-19,1659.1410163880798
2018-03-20,1823.8095123334506
2018-03-21,1771.6606594642744
2018-03-22,1923.3699691728505
2018-03-23,1813.1779881520283
2018-03-26,1859.9052469289104
2018-03-27,1873.2903650158266
2018-03-28,1938.2301504691088
2018-03-29,1827.7293725204288
2018-03-30,1875.4955594537107
2018-04-02,1874.3408736689473
2018-04-03,1891.5893242554698
2018-04-04,1859.164545046035
2018-04-05,2030.4950115507834
2018-04-06,1842.0347907628209
2018-04-09,1896.7308683217393
2018-04-10,1952.2791762145555
2018-04-11,1936.046520098245
2018-04-12,1924.6320253982
2018-04-13,1815.8056779318824
2018-04-16,1970.9413774114053
2018-04-17,1948.1968533144359
2018-04-18,1949.1863428086128
2018-04-19,1844.3119532355943
2018-04-20,1989.8930176759548
2018-04-23,1909.6842370759164
2018-04-24,1908.4819387619302
2018-04-25,1885.4682951134762
2018-04-26,1851.143815250984
2018-04-27,1788.3416180299032
2018-04-30,1890.7152808118371
2018-05-01,1930.3682355785577
2018-05-02,1862.3715627825559
2018-05-03,1830.2471355656498
2018-05-04,1801.6170241941084
2018-05-07,1845.532322100421
2018-05-08,1911.7095983323288
2018-05-09,1863.6330106040325
2018-05-10,1830.0920465539298
2018-05-11,1864.2908757948214
2018-05-14,1923.3453727581311
2018-05-15,1855.0502601163707
2018-05-16,1873.3918186210437
2018-05-17,1821.1507414291773
2018-05-18,1876.0855967481607
2018-05-21,1753.3732869470296
2018-05-22,1886.4716669650688
2018-05-23,1863.2205461328736
2018-05-24,1821.7333761512484
2018-05-25,1812.9159505707714
2018-05-28,1863.700831192973
2018-05-29,1912.4250513497543
2018-05-30,1805.8246810323956
2018-05-31,1779.794050793659
2018-06-01,1775.8929215467522
2018-06-04,1940.3228626350888
2018-06-05,1739.4582330087296
2018-06-06,1859.0927875688972
2018-06-07,1859.0915897329362
2018-06-08,1888.806010673593
2018-06-11,1911.6383519431406
2018-06-12,1914.870625696075
2018-06-13,1905.6124847229366
2018-06-14,1785.9178161720204
2018-06-15,1848.8160254791244
2018-06-18,1925.3102576582528
2018-06-19,1942.734624589324
2018-06-20,1874.9836041527426
2018-06-21,1939.4374001512952
2018-06-22,1889.4719625158082
2018-06-25,1782.987391265674
2018-06-26,1959.9469979011756
2018-06-27,2027.0586537157199
2018-06-28,1891.6070297227661
2018-06-29,1972.2846930000599
2018-07-02,1779.5324044708987
2018-07-03,1874.6864121170256
2018-07-04,1706.6465122437994
2018-07-05,1953.147114307966
2018-07-06,1927.165959253302
2018-07-09,1870.7465514132643
2018-07-10,1772.0578704948716
2018-07-11,1963.0932630485768
2018-07-12,2004.9406145493203
2018-07-13,1863.540332914164
2018-07-16,1654.9736205145227
2018-07-17,1711.0020628505897
2018-07-18,2114.9255295055814
2018-07-19,1611.8511194709035
2018-07-20,1895.1327126660583
2018-07-23,1932.5000037902732
2018-07-24,2001.7547700720372
2018-07-25,1993.8916777300883
2018-07-26,1938.9633527196709
2018-07-27,2054.739348438975
2018-07-30,1665.0111336362502
2018-07-31,1858.843030973603
2018-08-01,2114.969163802059
2018-08-02,2028.3529591390836
2018-08-03,1667.150695791899
2018-08-06,1712.0107195738742
2018-08-07,1636.4381929458464
2018-08-08,1699.4793886480015
2018-08-09,1630.1326750480282
2018-08-10,1602.7702722925649
2018-08-13,1604.9940701310686
2018-08-14,1562.3086760594217
2018-08-15,1716.3686409436398
2018-08-16,1727.0371750833326
2018-08-17,1704.6914428328175
2018-08-20,1605.6326863690283
2018-08-21,1629.1157653664168
2018-08-22,1617.1608001089169
2018-08-23,1708.8628822297935
2018-08-24,1601.6833460147086
2018-08-27,1575.5983524322355
2018-08-28,1594.552848008458
2018-08-29,1832.1912889131506
2018-08-30,1697.7008834032063
2018-08-31,1556.4102364752453
2018-09-03,1779.5756305687155
2018-09-04,1680.842173969536
2018-09-05,1618.7317982356785
2018-09-06,1588.95869877797
2018-09-07,1663.407794554871
2018-09-10,1656.8287717658106
2018-09-11,1583.4069617984785
2018-09-12,1780.5503413365723
2018-09-13,1636.5558701999364
2018-09-14,1458.1390074617057
2018-09-17,1656.4836779557395
2018-09-18,1751.4079596700108
2018-09-19,1646.1119837859924
2018-09-20,1649.4968342064642
2018-09-21,1706.5296508184094
2018-09-24,1752.544040161729
2018-09-25,1586.917743325275
2018-09-26,1645.197963665297
2018-09-27,1625.061396181122
2018-09-28,1749.8744669296525
2018-10-01,1711.8819739966273
2018-10-02,1909.6949535331746
2018-10-03,1609.8507359916568
2018-10-04,1697.5044195805667
2018-10-05,1758.219738578337
2018-10-08,1787.3837028753528
2018-10-09,1715.442424057755
2018-10-10,1551.8911275844093
2018-10-11,1770.2820261335028
2018-10-12,1896.3992015269791
2018-10-15,1803.575874234286
2018-10-16,1584.6066550818537
2018-10-17,1911.380781810109
2018-10-18,1746.192998526248
2018-10-19,1706.4677377742807
2018-10-22,1656.8843308622102
2018-10-23,1663.7984183498097
2018-10-24,1564.9983982214976
2018-10-25,1664.2106243508842
2018-10-26,1826.9708111301607
2018-10-29,1654.3239138781926
2018-10-30,1496.5740792535921
2018-10-31,1590.8379354587692
2018-11-01,1878.0971760172126
2018-11-02,1829.573239268075
2018-11-05,1839.5552215228997
2018-11-06,1846.2839288761
2018-11-07,1888.0217224437451
2018-11-08,1830.473783995591
2018-11-09,1844.1031722280331
2018-11-12,1843.214929773366
2018-11-13,1857.0783209144674
2018-11-14,1851.348308577085
2018-11-15,1926.7491159338363
2018-11-16,1830.6603595311124
2018-11-19,1861.6522399680746
2018-11-20,1885.2070637817594
2018-11-21,1882.5797876791532
2018-11-22,1876.4469148765531
2018-11-23,1817.5816518332483
2018-11-26,1890.6217503606965
2018-11-27,1894.4587147231348
2018-11-28,1880.4485451088947
2018-11-29,1840.0697812657431
2018-11-30,1905.4564966324026
2018-12-03,1874.1421812376352
2018-12-04,1866.9280339084335
2018-12-05,1856.7016612768966
2018-12-06,1848.3493738989475
2018-12-07,1809.4413124287955
2018-12-10,1863.4133770544793
2018-12-11,1879.8010957677768
2018-12-12,1837.451462976898
2018-12-13,1817.6177543082922
2018-12-14,1824.2967103044289
2018-12-17,2031.6106040819423
2018-12-18,1922.9794138098664
2018-12-19,1994.922466264724
2018-12-20,1978.6380145490043
2018-12-21,2055.784911206882
2018-12-24,1985.1652678689813
2018-12-25,2022.6734818057193
2018-12-26,2034.5919344440533
2018-12-27,1980.204464267102
2018-12-28,1953.932643753733
2018-12-31,2100.1666487145353
2019-01-01,1992.3439538446682
2019-01-02,2023.834955272088
2019-01-03,2073.38934331335
2019-01-04,2027.709869219399
2019-01-07,2057.6102433709943
2019-01-08,1987.9931970849796
2019-01-09,2095.4109688504823
2019-01-10,1976.0822744424504
2019-01-11,2037.4033002161395
2019-01-14,2014.3090183358624
2019-01-15,2032.6803201263415
2019-01-16,2013.2689359760298
2019-01-17,2037.0076918042953
2019-01-18,2032.6688824020428
2019-01-21,1973.2641538702833
2019-01-22,1934.9092737203046
2019-01-23,2037.1225875761018
2019-01-24,1991.96427464239
2019-01-25,1995.3151012611338
2019-01-28,2047.6863325978902
2019-01-29,1940.9184156640042
2019-01-30,2056.5777647895534
2019-01-31,2023.6342179869948
2019-02-01,2073.1017711501718
2019-02-04,2049.8355724802336
2019-02-05,2059.398247649402
2019-02-06,2082.2819439368886
2019-02-07,2093.940480091316
2019-02-08,2095.1886891546906
2019-02-11,2026.6777465035368
2019-02-12,2023.374811473898
2019-02-13,2049.922412605473
2019-02-14,2079.6240641740674
2019-02-15,2064.5294043752306
2019-02-18,2076.0658168128753
2019-02-19,2053.7526013880124
2019-02-20,2075.082987069144
2019-02-21,2100.054656679195
2019-02-22,2081.96839294035
2019-02-25,1978.4522703092457
2019-02-26,2050.725412778694
2019-02-27,2088.6629887728723
2019-02-28,2011.602403148203
2019-03-01,2043.730025744532
2019-03-04,2067.820113102887
2019-03-05,2080.3917489009045
2019-03-06,2042.0735963506793
2019-03-07,2072.844172592847
2019-03-08,2073.29566779762
2019-03-11,2024.615617059142
2019-03-12,2071.8396381005555
2019-03-13,2145.9415484097526
2019-03-14,2053.23192543313
2019-03-15,1921.100706643933
2019-03-18,1748.0815032445994
2019-03-19,1810.520490235833
2019-03-20,1774.7867860390672
2019-03-21,2003.772995217617
2019-03-22,1821.8588552786432
2019-03-25,1839.4372286862204
2019-03-26,1894.2886327953552
2019-03-27,1818.0874645796885
2019-03-28,1797.6634473823967
2019-03-29,2032.384680501574
2019-04-01,1815.990510625927
2019-04-02,1907.3962819554001
2019-04-03,1982.5852846322186
2019-04-04,1879.581879808803
2019-04-05,1981.1358175627204
2019-04-08,1788.5671506676692
2019-04-09,2020.8752766277048
2019-04-10,1849.1547035385897
2019-04-11,1884.7256118155854
2019-04-12,1910.8581004522832
2019-04-15,1907.1037259585787
2019-04-16,1908.2183174027286
2019-04-17,1934.379998767571
2019-04-18,1927.2267318390043
2019-04-19,1853.2712362000168
2019-04-22,1688.616340583211
2019-04-23,1969.6854023574701
2019-04-24,1808.3103214572375
2019-04-25,1802.267403584464
2019-04-26,1886.9310254002398
2019-04-29,1770.2821061446843
2019-04-30,2039.6340604097854
2019-05-01,2004.4030344536638
2019-05-02,2051.0048563437963
2019-05-03,2034.5190838324556
2019-05-06,2039.5633227223618
2019-05-07,2053.9303142954495
2019-05-08,2069.969121085732
2019-05-09,2067.62299671717
2019-05-10,2014.2360416065578
2019-05-13,2008.0983501897879
2019-05-14,2043.0359325243983
2019-05-15,2053.7715439023123
2019-05-16,2043.3485910250906
2019-05-17,2057.28848377873
2019-05-20,2041.4290399452232
2019-05-21,2052.5597654240664
2019-05-22,2069.5699315495767
2019-05-23,2062.8832567403065
2019-05-24,1978.5530912220406
2019-05-27,2040.035067216931
2019-05-28,2056.8474742239937
2019-05-29,2010.3498065547717
2019-05-30,2027.0726567168126
2019-05-31,2046.4049431517565
2019-06-03,2054.567029979775
2019-06-04,2020.205426243045
2019-06-05,2047.4978379637628
2019-06-06,2046.7179034133912
2019-06-07,2018.98077877505
2019-06-10,2050.6015018240273
2019-06-11,2106.265362657437
2019-06-12,2027.6077711965293
2019-06-13,1798.5695963020576
2019-06-14,1761.7097546497048
2019-06-17,1747.7142482375507
2019-06-18,1771.879755326143
2019-06-19,1801.8672546482362
2019-06-20,1729.328880171655
2019-06-21,1742.1517412065264
2019-06-24,1733.2358097947404
2019-06-25,1792.0512076104706
2019-06-26,1788.084339039493
2019-06-27,1859.761818054863
2019-06-28,1730.9953273912984
2019-07-01,1772.185256759225
2019-07-02,1792.9539958948112
2019-07-03,1811.6739652963804
2019-07-04,1780.701252096269
2019-07-05,1706.5659146276253
2019-07-08,1793.5159553105668
2019-07-09,1864.4164405264955
2019-07-10,1808.4793652058336
2019-07-11,1729.7954066697837
2019-07-12,1859.3842145537471
2019-07-15,1799.690346322173
2019-07-16,1775.2676620229715
2019-07-17,1755.7923489190425
2019-07-18,1768.892017507781
2019-07-19,1718.6052402260505
2019-07-22,1763.566126611788
2019-07-23,1828.5093491085715
2019-07-24,1745.9119955352176
2019-07-25,1674.8583605891888
2019-07-26,1738.9284259127844
2019-07-29,1910.3117574495088
2019-07-30,1964.7638346740853
2019-07-31,1946.4264849443346
2019-08-01,1962.3139987355642
2019-08-02,1873.3729745513724
2019-08-05,1942.53124137703
2019-08-06,1939.3713724702093
2019-08-07,1907.389706141485
2019-08-08,1937.0881235766294
2019-08-09,1951.5437730856806
2019-08-12,1876.1719468931403
2019-08-13,1939.3471393698399
2019-08-14,1906.6449447879247
2019-08-15,1882.579224319584
2019-08-16,1934.9247577894757
2019-08-19,1880.454579620117
2019-08-20,1953.9066910720514
2019-08-21,1863.9559803654076
2019-08-22,1934.361076087604
2019-08-23,1922.1046444924018
2019-08-26,1902.2459641242847
2019-08-27,1915.338176385395
2019-08-28,1911.6556626838055
2019-08-29,1895.9879495747132
2019-08-30,1898.7148443913939
2019-09-02,1925.940850663375
2019-09-03,1998.3580408468579
2019-09-04,1879.6154328683942
2019-09-05,1961.6571989761032
2019-09-06,1946.3861488948796
2019-09-09,1910.8427090239531
2019-09-10,1960.8630564753516
2019-09-11,1964.3362343357844
2019-09-12,1915.5881062805254
2019-09-13,1958.335670842298
2019-09-16,2023.731542445384
2019-09-17,1902.2143084108775
2019-09-18,1875.2931700799068
2019-09-19,1963.7139514003911
2019-09-20,1899.4333837920753
2019-09-23,2009.619895536415
2019-09-24,1958.6925800367405
2019-09-25,2069.2798874206164
2019-09-26,1914.7856077573038
2019-09-27,1925.0377196915874
2019-09-30,1962.730966107523
2019-10-01,2038.814050483051
2019-10-02,1902.9383943224173
2019-10-03,1892.8097447900432
2019-10-04,1961.8818401584774
2019-10-07,2084.8811045967227
2019-10-08,2063.900274739746
2019-10-09,1810.7276365416417
2019-10-10,2117.9275200739694
2019-10-11,1946.3402580987781
2019-10-14,1920.5000404618183
2019-10-15,1880.7345483510042
2019-10-16,1881.188526203426
2019-10-17,1940.4489167416211
2019-10-18,1841.275803465688
2019-10-21,2102.500487403887
2019-10-22,1973.9892221456807
2019-10-23,1822.6284673962089
2019-10-24,1870.2852912828544
2019-10-25,1803.8759925858785
2019-10-28,1797.4073759908601
2019-10-29,1773.0435292021916
2019-10-30,1794.2136603401098
2019-10-31,1799.6144426061169
2019-11-01,1762.9495068490419
2019-11-04,1764.3298455014763
2019-11-05,1751.8839460919053
2019-11-06,1805.3842872047783
2019-11-07,1811.287999922436
2019-11-08,1834.9426334290667
2019-11-11,1760.1605962436593
2019-11-12,1783.674278059656
2019-11-13,1789.0772396000348
2019-11-14,1816.6361087367673
2019-11-15,1783.3465775919258
2019-11-18,1745.2139882900162
2019-11-19,1783.172407439523
2019-11-20,1861.1146341772662
2019-11-21,1807.9366689756694
2019-11-22,1755.2332202926482
2019-11-25,1845.819131909888
2019-11-26,1807.5957939870948
2019-11-27,1782.9186352373317
2019-11-28,1770.2278645089893
2019-11-29,1792.383199120004
2019-12-02,1767.4018412695068
2019-12-03,1774.2141261372108
2019-12-04,1835.811560541441
2019-12-05,1770.316308584534
2019-12-06,1707.8944361580657
2019-12-09,1779.1705379675143
2019-12-10,1867.4960799867395
2019-12-11,2085.9617789721156
2019-12-12,1976.9736853883373
2019-12-13,1828.6356342925144
2019-12-16,1801.038395295494
2019-12-17,1942.8301388356047
2019-12-18,2107.498263884406
2019-12-19,1828.0192708619609
2019-12-20,2033.691306612149
2019-12-23,1896.8949471992187
2019-12-24,1843.522326609728
2019-12-25,1935.627443640288
2019-12-26,1925.5388807332304
2019-12-27,2024.3693717020544
2019-12-30,2019.3170804615127
2019-12-31,1780.15460494162
2020-01-01,1890.4335579012638
2020-01-02,1878.678631063447
2020-01-03,1937.3142420086804
2020-01-06,1964.9148356516769
2020-01-07,1893.1084241992228
2020-01-08,1749.53290136609
2020-01-09,1908.8473209715783
2020-01-10,1902.4889094889777
2020-01-13,2039.1889310433758
2020-01-14,2059.842183718345
2020-01-15,2119.4316153592563
2020-01-16,1955.5408519616274
2020-01-17,1823.176490006822
2020-01-20,2035.3393576230578
2020-01-21,1901.7020071262941
2020-01-22,2074.878817766289
2020-01-23,1924.8420052266613
2020-01-24,1871.104974950618
2020-01-27,1893.0762192087936
2020-01-28,1879.4569015208835
2020-01-29,1947.9534333771444
2020-01-30,1900.9945209691448
2020-01-31,1904.4648645647758
2020-02-03,1917.083292018291
2020-02-04,1885.754300465734
2020-02-05,1885.5520443295873
2020-02-06,1954.1605171450055
2020-02-07,1894.6340584624552
2020-02-10,1919.1071879342674
2020-02-11,1941.268047092963
2020-02-12,1914.145702792666
2020-02-13,1942.2149166024662
2020-02-14,1891.8399738046387
2020-02-17,1950.3037099233256
2020-02-18,1891.4047080395164
2020-02-19,1908.732349150643
2020-02-20,1925.783264464019
2020-02-21,1910.05429527535
2020-02-24,1919.298463462194
2020-02-25,1926.8166917125714
2020-02-26,1927.7200860064947
2020-02-27,1903.7491239563292
2020-02-28,1863.1093021886509
2020-03-02,1939.1729226813552
2020-03-03,1889.0094840645477
2020-03-04,1888.3914698949325
2020-03-05,1923.0996674871383
2020-03-06,1884.0048042332517
2020-03-09,1787.7000748663884
2020-03-10,1696.107641510895
2020-03-11,1695.381940421161
2020-03-12,1690.7493897336622
2020-03-13,1838.0465781546418
2020-03-16,1700.2321980403663
2020-03-17,1699.1429908160833
2020-03-18,1727.520235616514
2020-03-19,1732.358402119503
2020-03-20,1731.402491238259
2020-03-23,1867.6071417131343
2020-03-24,1691.188761441365
2020-03-25,1765.7660796459909
2020-03-26,1806.6303119976565
2020-03-27,1766.6565656163334
2020-03-30,1807.7861696437435
2020-03-31,1660.3127146907952
2020-04-01,1822.6850663418033
2020-04-02,1799.4411140698892
2020-04-03,1760.9330257570748
2020-04-06,1750.8223839267164
2020-04-07,1808.6527790540763
2020-04-08,1788.481837630782
2020-04-09,1780.419661920592
2020-04-10,1767.0468652788998
2020-04-13,1751.8430967018753
2020-04-14,1622.1473137081614
2020-04-15,1800.859324012539
2020-04-16,1741.5746871446472
2020-04-17,1687.1315194932622
2020-04-20,1682.969780338062
2020-04-21,1691.4166695199917
2020-04-22,1945.663844012039
2020-04-23,1913.4695953099556
2020-04-24,1928.2580035497758
2020-04-27,1881.3642496468194
2020-04-28,1990.6720358427292
2020-04-29,1974.99337963874
2020-04-30,1942.2718996906008
2020-05-01,1978.3216549403692
2020-05-04,1882.5663657454616
2020-05-05,1906.241202115625
2020-05-06,1920.1881957276544
2020-05-07,1949.9591598426052
2020-05-08,1959.3623764743913
2020-05-11,1963.9515214535866
2020-05-12,1905.2993387977772
2020-05-13,1990.7349465198595
2020-05-14,1965.6164701165649
2020-05-15,1971.9696984799546
2020-05-18,1839.3900632260288
2020-05-19,1885.9158004260626
2020-05-20,2023.2817663082155
2020-05-21,1850.0962820943996
2020-05-22,1944.4895801589084
2020-05-25,1968.1938507571472
2020-05-26,1991.0180968606721
2020-05-27,1959.996332025909
2020-05-28,1915.229184519845
2020-05-29,2014.4182500525515
2020-06-01,1847.8671969850693
2020-06-02,1916.3583384978226
2020-06-03,2034.4467518210467
2020-06-04,1954.6304065276158
2020-06-05,1929.9211186586192
2020-06-08,1752.5282873207047
2020-06-09,1819.880198691867
2020-06-10,1789.663739452669
2020-06-11,2007.0589488618946
2020-06-12,1823.4051644493802
2020-06-15,1849.4970974116904
2020-06-16,1899.0972935651616
2020-06-17,1831.6936401509968
2020-06-18,1805.6987156112173
2020-06-19,2050.2811162272415
2020-06-22,1821.7626753757909
2020-06-23,1913.4469413047677
2020-06-24,1992.0893478452988
2020-06-25,1894.7812694757529
2020-06-26,1985.083424799487
2020-06-29,1792.4443171620003
2020-06-30,2030.7697433533688
2020-07-01,1867.8622077803643
2020-07-02,1903.220144354457
2020-07-03,1906.8065668131244
2020-07-06,1929.561548774356
2020-07-07,1915.2841827480056
2020-07-08,1940.0831517976583
2020-07-09,1929.4443509125795
2020-07-10,1854.662607093632
2020-07-13,1695.904515298467
2020-07-14,1968.1103446943337
2020-07-15,1828.984269609074
2020-07-16,1813.3955683414395
2020-07-17,1885.6636910852756
2020-07-20,1770.7332320885039
